고유 id,기획자 소통용,스테이지와 연결되는 그룹 id,웨이브 순서,웨이브 시작 시간  (초단위),웨이브 종료 시간 (초단위),등장 몬스터 id,주기당 생성 수,생성 패턴 0: random 1: squad 2: circle,웨이브 종료 시 등장할 중간 보스 id,몬스터 hp 증가량 계산식,몬스터 공격력 증가량 계산식,경험치 계산식,Unnamed: 13,Unnamed: 14
wave_id,_description,group_id,wave_index,start_time,end_time,monster_id,spawn_amount,spawn_pattern,mid_boss_id,hp_modifier,power_modifier,exp_multiply,,
int,string,int,int,int,int,int,int,enum,int,float,float,float,,Index 규칙
599901,일일골드던전,99,1,0,60,,5,0,,1,1,0,,59901=일일골드던전
599902,일일도면던전,98,1,0,120,203066,5,0,,1,1,0,,59902=일일도면던전
599801,주간유물던전,10,1,0,300,,0,0,,1,1,0,,59801=주간유물던전
510101,1번 탑 1스테이지,101,1,0,180,200001,5,0,,1,1,0,,510101에서 시작
510201,1번 탑 2스테이지,102,1,0,180,200001,5,0,202001,1,1,0,,앞자리 01 = 스테이지가 해당하는 탑
510202,1번 탑 2스테이지,102,2,180,300,200002,5,0,,1,1,0,,세번째자리 01 = 해당 스테이지
510301,1번 탑 3스테이지,103,1,0,180,200002,5,0,202002,1,1,0,,뒤자리 01 = 순차적으로 증가
510302,1번 탑 3스테이지,103,2,180,300,200003,5,0,,1,1,0,,
510401,1번 탑 4스테이지,104,1,0,180,200001,5,0,202001,1,1,0,,
510402,1번 탑 4스테이지,104,2,180,360,200002,5,0,202002,1,1,0,,
510403,1번 탑 4스테이지,104,3,360,480,200003,5,0,202003,1,1,0,,
510404,1번 탑 4스테이지,104,4,480,600,200004,5,0,,1,1,0,,
510501,1번 탑 5스테이지,105,1,0,180,200002,5,0,202002,1,1,0,,
510502,1번 탑 5스테이지,105,2,180,360,200003,5,0,202003,1,1,0,,
510503,1번 탑 5스테이지,105,3,360,480,200004,5,0,202004,1,1,0,,
510504,1번 탑 5스테이지,105,4,480,600,200005,5,0,,1,1,0,,
520101,2번 탑 1스테이지,201,1,0,180,200001,5,0,202001,1,1,0,,
520102,2번 탑 1스테이지,201,2,180,360,200002,5,0,202002,1,1,0,,
520103,2번 탑 1스테이지,201,3,360,540,200003,5,0,202003,1,1,0,,
520104,2번 탑 1스테이지,201,4,540,660,200001,3,0,,1,1,0,,
520105,2번 탑 1스테이지,201,4,540,660,200002,2,0,202002,1,1,0,,
520106,2번 탑 1스테이지,201,5,660,840,200003,4,0,,1,1,0,,
520107,2번 탑 1스테이지,201,5,660,840,200004,1,0,202004,1,1,0,,
520108,2번 탑 1스테이지,201,6,840,900,200004,5,0,,1,1,0,,
520201,2번 탑 2스테이지,202,1,0,180,200003,4,0,,1,1,0,,
520202,2번 탑 2스테이지,202,1,0,180,200001,2,0,202001,1,1,0,,
520203,2번 탑 2스테이지,202,2,180,360,200004,5,0,202003,1,1,0,,
520204,2번 탑 2스테이지,202,3,360,540,200005,5,0,202002,1,1,0,,
520205,2번 탑 2스테이지,202,4,540,660,200006,3,0,,1,1,0,,
520206,2번 탑 2스테이지,202,4,540,660,200003,2,0,202004,1,1,0,,
520207,2번 탑 2스테이지,202,5,660,840,200007,4,0,,1,1,0,,
520208,2번 탑 2스테이지,202,5,660,840,200002,2,0,202001,1,1,0,,
520209,2번 탑 2스테이지,202,6,840,900,200006,5,0,,1,1,0,,
520301,2번 탑 3스테이지,203,1,0,180,200002,4,0,,1,1,0,,
520302,2번 탑 3스테이지,203,1,0,180,200004,2,0,202002,1,1,0,,
520303,2번 탑 3스테이지,203,2,180,360,200005,5,0,202004,1,1,0,,
520304,2번 탑 3스테이지,203,3,360,540,200001,3,0,,1,1,0,,
520305,2번 탑 3스테이지,203,3,360,540,200006,2,0,202001,1,1,0,,
520306,2번 탑 3스테이지,203,4,540,660,200007,5,0,202003,1,1,0,,
520307,2번 탑 3스테이지,203,5,660,840,200003,3,0,,1,1,0,,
520308,2번 탑 3스테이지,203,5,660,840,200005,2,0,202005,1,1,0,,
520309,2번 탑 3스테이지,203,6,840,900,200006,4,0,,1,1,0,,
520310,2번 탑 3스테이지,203,6,840,900,200007,2,0,,1,1,0,,
520401,2번 탑 4스테이지,204,1,0,180,200004,4,0,,1,1,0,,
520402,2번 탑 4스테이지,204,1,0,180,200001,2,0,202003,1,1,0,,
520403,2번 탑 4스테이지,204,2,180,360,200006,5,0,202005,1,1,0,,
520404,2번 탑 4스테이지,204,3,360,540,200002,3,0,,1,1,0,,
520405,2번 탑 4스테이지,204,3,360,540,200007,2,0,202002,1,1,0,,
520406,2번 탑 4스테이지,204,4,540,660,200005,5,0,202004,1,1,0,,
520407,2번 탑 4스테이지,204,5,660,840,200001,3,0,,1,1,0,,
520408,2번 탑 4스테이지,204,5,660,840,200003,2,0,202001,1,1,0,,
520409,2번 탑 4스테이지,204,6,840,900,200007,4,0,,1,1,0,,
520410,2번 탑 4스테이지,204,6,840,900,200006,2,0,,1,1,0,,
520501,2번 탑 5스테이지,205,1,0,180,200005,4,0,,1,1,0,,
520502,2번 탑 5스테이지,205,1,0,180,200002,2,0,202004,1,1,0,,
520503,2번 탑 5스테이지,205,2,180,360,200007,5,0,202001,1,1,0,,
520504,2번 탑 5스테이지,205,3,360,540,200003,3,0,,1,1,0,,
520505,2번 탑 5스테이지,205,3,360,540,200004,2,0,202005,1,1,0,,
520506,2번 탑 5스테이지,205,4,540,660,200006,5,0,202002,1,1,0,,
520507,2번 탑 5스테이지,205,5,660,840,200001,3,0,,1,1,0,,
520508,2번 탑 5스테이지,205,5,660,840,200007,2,0,202003,1,1,0,,
520601,2번 탑 6스테이지,206,1,0,180,200006,5,0,202001,1,1,0,,
520602,2번 탑 6스테이지,206,1,60,90,200001,3,0,,1,1,0,,
520603,2번 탑 6스테이지,206,2,180,300,200004,4,0,,1,1,0,,
520604,2번 탑 6스테이지,206,2,180,300,200005,3,0,,1,1,0,,
520605,2번 탑 6스테이지,206,2,180,300,200002,3,0,202003,1,1,0,,
520606,2번 탑 6스테이지,206,3,300,400,200001,2,0,202002,1,1,0,,
520607,2번 탑 6스테이지,206,4,400,550,200005,4,0,,1,1,0,,
520608,2번 탑 6스테이지,206,4,500,650,200006,4,0,202004,1,1,0,,
520609,2번 탑 6스테이지,206,5,600,750,200007,4,0,202005,1,1,0,,
520610,2번 탑 6스테이지,206,6,750,900,200003,4,0,,1,1,0,,
520611,2번 탑 6스테이지,206,6,800,900,200005,5,0,,1,1,0,,
520612,2번 탑 6스테이지,206,6,850,900,200007,6,0,,1,1,0,,
520701,2번 탑 7스테이지,207,1,0,180,200003,4,0,,1,1,0,,
520702,2번 탑 7스테이지,207,1,30,150,200002,3,0,202002,1,1,0,,
520703,2번 탑 7스테이지,207,2,180,300,200006,5,0,,1,1,0,,
520704,2번 탑 7스테이지,207,2,200,300,200007,3,0,202004,1,1,0,,
520705,2번 탑 7스테이지,207,3,300,450,200004,5,0,,1,1,0,,
520706,2번 탑 7스테이지,207,3,300,450,200005,5,0,202001,1,1,0,,
520707,2번 탑 7스테이지,207,4,450,500,200001,4,0,,1,1,0,,
520708,2번 탑 7스테이지,207,4,550,600,200003,4,0,202003,1,1,0,,
520709,2번 탑 7스테이지,207,5,600,750,200005,4,0,,1,1,0,,
520710,2번 탑 7스테이지,207,5,650,750,200007,4,0,202005,1,1,0,,
520711,2번 탑 7스테이지,207,6,750,900,200006,5,0,,1,1,0,,
520712,2번 탑 7스테이지,207,6,800,900,200004,4,0,,1,1,0,,
520713,2번 탑 7스테이지,207,6,850,900,200002,3,0,,1,1,0,,
520801,2번 탑 8스테이지,208,1,0,120,200004,5,0,202003,1,1,0,,
520802,2번 탑 8스테이지,208,2,100,250,200005,5,0,202005,1,1,0,,
520803,2번 탑 8스테이지,208,3,200,400,200006,4,0,,1,1,0,,
520804,2번 탑 8스테이지,208,3,250,350,200001,3,0,202002,1,1,0,,
520805,2번 탑 8스테이지,208,4,350,550,200007,4,0,,1,1,0,,
520806,2번 탑 8스테이지,208,4,400,500,200003,3,0,202004,1,1,0,,
520807,2번 탑 8스테이지,208,5,500,700,200005,4,0,,1,1,0,,
520808,2번 탑 8스테이지,208,5,600,700,200006,4,0,202001,1,1,0,,
520809,2번 탑 8스테이지,208,6,700,900,200004,5,0,,1,1,0,,
520810,2번 탑 8스테이지,208,6,750,900,200007,4,0,,1,1,0,,
520811,2번 탑 8스테이지,208,6,800,900,200006,4,0,,1,1,0,,
520901,2번 탑 9스테이지,209,1,0,200,200001,4,0,202001,1,1,0,,
520902,2번 탑 9스테이지,209,2,200,250,200005,6,0,,1,1,0,,
520903,2번 탑 9스테이지,209,2,200,250,200006,6,0,202004,1,1,0,,
520904,2번 탑 9스테이지,209,3,250,450,200002,4,0,202002,1,1,0,,
520905,2번 탑 9스테이지,209,4,450,500,200004,6,0,,1,1,0,,
520906,2번 탑 9스테이지,209,4,450,500,200007,6,0,202005,1,1,0,,
520907,2번 탑 9스테이지,209,5,500,750,200003,4,0,,1,1,0,,
520908,2번 탑 9스테이지,209,5,600,750,200005,5,0,202003,1,1,0,,
520909,2번 탑 9스테이지,209,6,750,800,200006,5,0,,1,1,0,,
520910,2번 탑 9스테이지,209,6,800,850,200007,5,0,,1,1,0,,
520911,2번 탑 9스테이지,209,6,850,900,200005,6,0,,1,1,0,,
521001,2번 탑 10스테이지,210,1,0,150,200005,4,0,,1,1,0,,
521002,2번 탑 10스테이지,210,1,0,150,200001,3,0,202003,1,1,0,,
521003,2번 탑 10스테이지,210,2,150,280,200002,4,0,,1,1,0,,
521004,2번 탑 10스테이지,210,2,150,300,200003,3,0,202001,1,1,0,,
521005,2번 탑 10스테이지,210,3,300,350,200001,4,0,,1,1,0,,
521006,2번 탑 10스테이지,210,3,350,450,200004,5,0,,1,1,0,,
521007,2번 탑 10스테이지,210,3,350,450,200005,4,0,202005,1,1,0,,
521008,2번 탑 10스테이지,210,4,450,500,200002,4,0,,1,1,0,,
521009,2번 탑 10스테이지,210,4,500,600,200003,4,0,,1,1,0,,
521010,2번 탑 10스테이지,210,4,500,600,200006,5,0,,1,1,0,,
521011,2번 탑 10스테이지,210,4,550,600,200007,3,0,202002,1,1,0,,
521012,2번 탑 10스테이지,210,5,600,750,200006,5,0,,1,1,0,,
521013,2번 탑 10스테이지,210,5,650,750,200007,5,0,202004,1,1,0,,
521014,2번 탑 10스테이지,210,6,750,900,200003,5,0,,1,1,0,,
521015,2번 탑 10스테이지,210,6,780,900,200004,5,0,,1,1,0,,
521016,2번 탑 10스테이지,210,6,810,900,200005,6,0,,1,1,0,,
521017,2번 탑 10스테이지,210,6,840,900,200006,6,0,,1,1,0,,
521018,2번 탑 10스테이지,210,6,870,900,200007,6,0,,1,1,0,,
530101,3번 탑 1스테이지,301,1,0,180,200008,4,0,,1,1,0,,
530102,3번 탑 1스테이지,301,1,0,180,200009,2,0,202008,1,1,0,,
530103,3번 탑 1스테이지,301,2,180,360,200010,5,0,202006,1,1,0,,
530104,3번 탑 1스테이지,301,3,360,540,200011,3,0,,1,1,0,,
530105,3번 탑 1스테이지,301,3,360,540,200012,2,0,202010,1,1,0,,
530106,3번 탑 1스테이지,301,4,540,660,200013,4,0,,1,1,0,,
530107,3번 탑 1스테이지,301,4,540,660,200008,2,0,202007,1,1,0,,
530108,3번 탑 1스테이지,301,5,660,840,200014,3,0,,1,1,0,,
530109,3번 탑 1스테이지,301,5,660,840,200010,2,0,202009,1,1,0,,
530110,3번 탑 1스테이지,301,6,840,900,200011,2,0,,1,1,0,,
530111,3번 탑 1스테이지,301,6,840,900,200012,2,0,,1,1,0,,
530112,3번 탑 1스테이지,301,6,840,900,200013,2,0,,1,1,0,,
530201,3번 탑 2스테이지,302,1,0,180,200008,6,1,202009,1,1,0,,
530202,3번 탑 2스테이지,302,2,180,360,200009,5,1,202010,1,1,0,,
530203,3번 탑 2스테이지,302,3,360,540,200010,4,0,202006,1,1,0,,
530204,3번 탑 2스테이지,302,4,540,700,200011,5,1,202008,1,1,0,,
530205,3번 탑 2스테이지,302,5,700,850,200012,4,1,202007,1,1,0,,
530206,3번 탑 2스테이지,302,6,850,900,200008,8,1,,1,1,0,,
530301,3번 탑 3스테이지,303,1,0,150,200009,5,0,202007,1,1,0,,
530302,3번 탑 3스테이지,303,2,150,200,200008,8,2,,1,1,0,,
530303,3번 탑 3스테이지,303,2,200,350,200010,5,0,202009,1,1,0,,
530304,3번 탑 3스테이지,303,3,350,540,200011,5,1,202008,1,1,0,,
530305,3번 탑 3스테이지,303,4,540,700,200012,4,0,202010,1,1,0,,
530306,3번 탑 3스테이지,303,5,700,750,200009,8,2,,1,1,0,,
530307,3번 탑 3스테이지,303,5,750,850,200014,3,0,202006,1,1,0,,
530308,3번 탑 3스테이지,303,6,850,900,200010,8,1,,1,1,0,,
530401,3번 탑 4스테이지,304,1,0,180,200008,7,0,202010,1,1,0,,
530402,3번 탑 4스테이지,304,2,180,360,200011,6,0,202006,1,1,0,,
530403,3번 탑 4스테이지,304,3,360,540,200013,5,0,202009,1,1,0,,
530404,3번 탑 4스테이지,304,4,540,700,200009,6,0,202007,1,1,0,,
530405,3번 탑 4스테이지,304,5,700,850,200014,4,0,202008,1,1,0,,
530406,3번 탑 4스테이지,304,6,850,900,200012,10,0,,1,1,0,,
530501,3번 탑 5스테이지,305,1,0,180,200010,6,1,202006,1,1,0,,
530502,3번 탑 5스테이지,305,2,180,250,200008,10,2,,1,1,0,,
530503,3번 탑 5스테이지,305,2,250,400,200011,6,1,202008,1,1,0,,
530504,3번 탑 5스테이지,305,3,400,550,200012,5,0,202007,1,1,0,,
530505,3번 탑 5스테이지,305,4,550,700,200013,6,1,202010,1,1,0,,
530506,3번 탑 5스테이지,305,5,700,750,200011,10,2,,1,1,0,,
530507,3번 탑 5스테이지,305,5,750,850,200014,5,0,202009,1,1,0,,
530508,3번 탑 5스테이지,305,6,850,900,200010,12,1,,1,1,0,,
530601,3번 탑 6스테이지,306,1,0,150,200008,6,1,202008,1,1,0,,
530602,3번 탑 6스테이지,306,2,150,200,200010,10,2,,1,1,0,,
530603,3번 탑 6스테이지,306,2,200,350,200011,5,1,202010,1,1,0,,
530604,3번 탑 6스테이지,306,3,350,540,200013,6,0,202007,1,1,0,,
530605,3번 탑 6스테이지,306,4,540,700,200014,5,1,202006,1,1,0,,
530606,3번 탑 6스테이지,306,5,700,750,200012,12,2,,1,1,0,,
530607,3번 탑 6스테이지,306,5,750,850,200009,8,0,202009,1,1,0,,
530608,3번 탑 6스테이지,306,6,850,900,200013,10,1,,1,1,0,,
530701,3번 탑 7스테이지,307,1,0,180,200011,7,1,202009,1,1,0,,
530702,3번 탑 7스테이지,307,2,180,360,200013,6,0,202007,1,1,0,,
530703,3번 탑 7스테이지,307,3,360,540,200008,10,2,202010,1,1,0,,
530704,3번 탑 7스테이지,307,4,540,700,200010,8,1,202008,1,1,0,,
530705,3번 탑 7스테이지,307,5,700,850,200014,6,0,202006,1,1,0,,
530706,3번 탑 7스테이지,307,6,850,900,200012,12,2,,1,1,0,,
530801,3번 탑 8스테이지,308,1,0,180,200009,8,1,202010,1,1,0,,
530802,3번 탑 8스테이지,308,2,180,360,200012,7,1,202008,1,1,0,,
530803,3번 탑 8스테이지,308,3,360,540,200014,6,0,202006,1,1,0,,
530804,3번 탑 8스테이지,308,4,540,700,200013,8,2,202009,1,1,0,,
530805,3번 탑 8스테이지,308,5,700,850,200011,8,1,202007,1,1,0,,
530806,3번 탑 8스테이지,308,6,850,900,200008,12,2,,1,1,0,,
530901,3번 탑 9스테이지,309,1,0,180,200014,7,1,202007,1,1,0,,
530902,3번 탑 9스테이지,309,2,180,360,200010,8,2,202006,1,1,0,,
530903,3번 탑 9스테이지,309,3,360,540,200013,8,1,202009,1,1,0,,
530904,3번 탑 9스테이지,309,4,540,700,200012,10,2,202010,1,1,0,,
530905,3번 탑 9스테이지,309,5,700,850,200011,8,1,202008,1,1,0,,
530906,3번 탑 9스테이지,309,6,850,900,200014,8,1,,1,1,0,,
531001,3번 탑 10스테이지,310,1,0,150,200008,10,1,202008,1,1,0,,
531002,3번 탑 10스테이지,310,2,150,300,200011,8,2,202006,1,1,0,,
531003,3번 탑 10스테이지,310,3,300,450,200013,8,1,202010,1,1,0,,
531004,3번 탑 10스테이지,310,4,450,600,200014,8,1,202007,1,1,0,,
531005,3번 탑 10스테이지,310,5,600,750,200012,12,2,202009,1,1,0,,
531006,3번 탑 10스테이지,310,6,750,900,200014,12,1,,1,1,0,,
540101,4번 탑 1스테이지,401,1,0,180,200015,5,0,,1,1,0,,
540102,4번 탑 1스테이지,401,1,40,180,200015,3,1,202013,1,1,0,,
540103,4번 탑 1스테이지,401,2,180,360,200016,5,1,,1,1,0,,
540104,4번 탑 1스테이지,401,2,250,340,200017,6,2,202011,1,1,0,,
540105,4번 탑 1스테이지,401,3,360,540,200018,4,0,,1,1,0,,
540106,4번 탑 1스테이지,401,3,400,540,200019,4,1,202015,1,1,0,,
540107,4번 탑 1스테이지,401,4,540,660,200020,5,0,,1,1,0,,
540108,4번 탑 1스테이지,401,4,580,640,200015,8,2,202012,1,1,0,,
540109,4번 탑 1스테이지,401,5,660,840,200021,4,1,,1,1,0,,
540110,4번 탑 1스테이지,401,5,700,840,200016,4,1,202014,1,1,0,,
540111,4번 탑 1스테이지,401,6,840,900,200020,4,1,,1,1,0,,
540112,4번 탑 1스테이지,401,6,850,900,200021,4,0,,1,1,0,,
540201,4번 탑 2스테이지,402,1,0,180,200015,5,0,,1,1,0,,
540202,4번 탑 2스테이지,402,1,20,160,200016,4,2,202014,1,1,0,,
540203,4번 탑 2스테이지,402,2,180,360,200017,6,1,,1,1,0,,
540204,4번 탑 2스테이지,402,2,210,360,200018,4,1,,1,1,0,,
540301,4번 탑 3스테이지,403,1,0,180,200019,5,1,,1,1,0,,
540302,4번 탑 3스테이지,403,1,30,150,200015,8,2,202012,1,1,0,,
540303,4번 탑 3스테이지,403,2,180,360,200020,6,0,,1,1,0,,
540304,4번 탑 3스테이지,403,2,220,340,200021,5,1,202014,1,1,0,,
540305,4번 탑 3스테이지,403,3,360,540,200016,6,1,,1,1,0,,
540401,4번 탑 4스테이지,404,1,10,180,200017,5,0,,1,1,0,,
540402,4번 탑 4스테이지,404,1,40,160,200018,6,2,202015,1,1,0,,
540403,4번 탑 4스테이지,404,2,190,360,200015,7,1,202011,1,1,0,,
540404,4번 탑 4스테이지,404,3,370,540,200021,6,1,202014,1,1,0,,
540405,4번 탑 4스테이지,404,4,550,660,200019,8,2,,1,1,0,,
540501,4번 탑 5스테이지,405,1,0,180,200020,6,1,202011,1,1,0,,
540502,4번 탑 5스테이지,405,2,180,300,200016,10,2,,1,1,0,,
540503,4번 탑 5스테이지,405,2,220,360,200017,8,1,202013,1,1,0,,
540504,4번 탑 5스테이지,405,3,360,540,200018,7,0,202012,1,1,0,,
540505,4번 탑 5스테이지,405,4,540,660,200021,8,1,202015,1,1,0,,
540506,4번 탑 5스테이지,405,5,660,750,200019,12,2,,1,1,0,,
540507,4번 탑 5스테이지,405,5,700,840,200015,10,1,202014,1,1,0,,
540508,4번 탑 5스테이지,405,6,840,900,200020,15,1,,1,1,0,,
540601,4번 탑 6스테이지,406,1,0,150,200015,10,0,,1,1,0,,
540602,4번 탑 6스테이지,406,1,30,180,200016,12,2,202013,1,1,0,,
540603,4번 탑 6스테이지,406,2,150,300,200017,10,1,,1,1,0,,
540604,4번 탑 6스테이지,406,2,180,330,200018,12,2,202015,1,1,0,,
540605,4번 탑 6스테이지,406,3,300,450,200019,10,1,202012,1,1,0,,
540606,4번 탑 6스테이지,406,4,450,600,200020,10,0,202011,1,1,0,,
540607,4번 탑 6스테이지,406,5,600,750,200021,12,1,202014,1,1,0,,
540608,4번 탑 6스테이지,406,6,750,900,200015,12,0,,1,1,0,,
540701,4번 탑 7스테이지,407,1,0,150,200017,4,0,,1,1,0,,
540702,4번 탑 7스테이지,407,1,0,150,200018,3,1,202012,1,1,0,,
540703,4번 탑 7스테이지,407,2,150,300,200018,4,0,,1,1,0,,
540704,4번 탑 7스테이지,407,2,150,300,200019,4,1,202014,1,1,0,,
540705,4번 탑 7스테이지,407,3,300,450,200019,4,1,,1,1,0,,
540706,4번 탑 7스테이지,407,3,300,450,200015,6,2,202011,1,1,0,,
540707,4번 탑 7스테이지,407,4,450,600,200020,4,1,,1,1,0,,
540708,4번 탑 7스테이지,407,4,450,600,200016,5,0,202015,1,1,0,,
540709,4번 탑 7스테이지,407,5,600,750,200020,5,1,,1,1,0,,
540710,4번 탑 7스테이지,407,5,600,750,200021,4,2,202013,1,1,0,,
540711,4번 탑 7스테이지,407,6,750,900,200021,6,2,,1,1,0,,
540712,4번 탑 7스테이지,407,6,750,900,200015,8,2,,1,1,0,,
540801,4번 탑 8스테이지,408,1,0,150,200018,5,0,202013,1,1,0,,
540802,4번 탑 8스테이지,408,2,150,300,200019,4,0,,1,1,0,,
540803,4번 탑 8스테이지,408,2,150,300,200015,5,1,202011,1,1,0,,
540804,4번 탑 8스테이지,408,3,300,450,200020,4,1,,1,1,0,,
540805,4번 탑 8스테이지,408,3,300,450,200016,4,0,202015,1,1,0,,
540806,4번 탑 8스테이지,408,4,450,600,200020,5,1,,1,1,0,,
540807,4번 탑 8스테이지,408,4,450,600,200021,4,1,202012,1,1,0,,
540808,4번 탑 8스테이지,408,5,600,750,200021,5,2,,1,1,0,,
540809,4번 탑 8스테이지,408,5,600,750,200017,5,1,202014,1,1,0,,
540810,4번 탑 8스테이지,408,6,750,900,200021,6,2,,1,1,0,,
540811,4번 탑 8스테이지,408,6,750,900,200018,6,1,,1,1,0,,
540901,4번 탑 9스테이지,409,1,0,150,200019,5,0,202015,1,1,0,,
540902,4번 탑 9스테이지,409,2,150,300,200020,5,1,202013,1,1,0,,
540903,4번 탑 9스테이지,409,3,300,450,200021,4,1,,1,1,0,,
540904,4번 탑 9스테이지,409,3,300,450,200015,6,2,202014,1,1,0,,
540905,4번 탑 9스테이지,409,4,450,600,200021,5,2,,1,1,0,,
540906,4번 탑 9스테이지,409,4,450,600,200016,5,0,202011,1,1,0,,
540907,4번 탑 9스테이지,409,5,600,750,200021,6,1,,1,1,0,,
540908,4번 탑 9스테이지,409,5,600,750,200019,5,1,202012,1,1,0,,
540909,4번 탑 9스테이지,409,6,750,900,200021,8,2,,1,1,0,,
540910,4번 탑 9스테이지,409,6,750,900,200020,6,1,,1,1,0,,
541001,4번 탑 10스테이지,410,1,0,120,200020,4,0,,1,1,0,,
541002,4번 탑 10스테이지,410,1,0,120,200016,3,0,202014,1,1,0,,
541003,4번 탑 10스테이지,410,2,120,250,200021,4,1,,1,1,0,,
541004,4번 탑 10스테이지,410,2,120,250,200017,4,1,202012,1,1,0,,
541005,4번 탑 10스테이지,410,3,250,400,200015,8,2,,1,1,0,,
541006,4번 탑 10스테이지,410,3,250,400,200021,5,2,202015,1,1,0,,
541007,4번 탑 10스테이지,410,4,400,550,200021,5,1,,1,1,0,,
541008,4번 탑 10스테이지,410,4,400,550,200019,5,0,202011,1,1,0,,
541009,4번 탑 10스테이지,410,5,550,700,200020,6,1,,1,1,0,,
541010,4번 탑 10스테이지,410,5,550,700,200021,5,2,202013,1,1,0,,
541011,4번 탑 10스테이지,410,6,700,900,200021,8,2,,1,1,0,,
541012,4번 탑 10스테이지,410,6,700,900,200015,10,2,,1,1,0,,
550101,5번 탑 1스테이지,501,1,0,180,200022,5,0,,1,1,0,,
550102,5번 탑 1스테이지,501,1,40,180,200022,4,1,202018,1,1,0,,
550103,5번 탑 1스테이지,501,2,180,360,200023,6,1,,1,1,0,,
550104,5번 탑 1스테이지,501,2,250,340,200024,6,2,202016,1,1,0,,
550105,5번 탑 1스테이지,501,3,360,540,200025,5,0,,1,1,0,,
550106,5번 탑 1스테이지,501,3,400,540,200026,5,1,202020,1,1,0,,
550107,5번 탑 1스테이지,501,4,540,660,200027,6,0,,1,1,0,,
550108,5번 탑 1스테이지,501,4,580,640,200022,8,2,202017,1,1,0,,
550109,5번 탑 1스테이지,501,5,660,840,200028,5,1,,1,1,0,,
550110,5번 탑 1스테이지,501,5,700,840,200023,5,1,202019,1,1,0,,
550111,5번 탑 1스테이지,501,6,840,900,200027,6,1,,1,1,0,,
550112,5번 탑 1스테이지,501,6,850,900,200028,5,0,,1,1,0,,
550201,5번 탑 2스테이지,502,1,0,180,200023,6,1,,1,1,0,,
550202,5번 탑 2스테이지,502,1,60,180,200024,5,0,202019,1,1,0,,
550203,5번 탑 2스테이지,502,2,180,360,200024,5,1,,1,1,0,,
550204,5번 탑 2스테이지,502,2,200,360,200025,6,2,202020,1,1,0,,
550205,5번 탑 2스테이지,502,3,360,540,200025,5,0,,1,1,0,,
550206,5번 탑 2스테이지,502,3,400,540,200026,6,1,202016,1,1,0,,
550207,5번 탑 2스테이지,502,4,540,660,200026,5,1,,1,1,0,,
550208,5번 탑 2스테이지,502,4,580,640,200027,4,2,202018,1,1,0,,
550209,5번 탑 2스테이지,502,5,660,840,200027,6,0,,1,1,0,,
550210,5번 탑 2스테이지,502,5,700,840,200028,5,1,202017,1,1,0,,
550211,5번 탑 2스테이지,502,6,840,900,200028,8,2,,1,1,0,,
550212,5번 탑 2스테이지,502,6,850,900,200023,5,1,,1,1,0,,
550301,5번 탑 3스테이지,503,1,0,150,200023,5,0,,1,1,0,,
550302,5번 탑 3스테이지,503,1,40,150,200024,4,1,202017,1,1,0,,
550303,5번 탑 3스테이지,503,2,150,300,200024,6,0,,1,1,0,,
550304,5번 탑 3스테이지,503,2,200,300,200025,5,2,202019,1,1,0,,
550305,5번 탑 3스테이지,503,3,300,500,200025,5,1,,1,1,0,,
550306,5번 탑 3스테이지,503,3,350,500,200026,5,1,202020,1,1,0,,
550307,5번 탑 3스테이지,503,4,500,650,200026,6,2,,1,1,0,,
550308,5번 탑 3스테이지,503,4,550,650,200027,4,1,202016,1,1,0,,
550309,5번 탑 3스테이지,503,5,650,800,200027,6,0,,1,1,0,,
550310,5번 탑 3스테이지,503,5,700,800,200028,5,2,202018,1,1,0,,
550311,5번 탑 3스테이지,503,6,800,900,200028,6,2,,1,1,0,,
550312,5번 탑 3스테이지,503,6,820,900,200022,8,2,,1,1,0,,
550401,5번 탑 4스테이지,504,1,0,150,200024,5,1,202020,1,1,0,,
550402,5번 탑 4스테이지,504,2,150,300,200024,4,1,,1,1,0,,
550403,5번 탑 4스테이지,504,2,180,300,200025,4,1,202018,1,1,0,,
550404,5번 탑 4스테이지,504,3,300,450,200025,8,1,202017,1,1,0,,
550405,5번 탑 4스테이지,504,4,450,650,200024,3,1,,1,1,0,,
550406,5번 탑 4스테이지,504,4,480,650,200025,3,1,,1,1,0,,
550407,5번 탑 4스테이지,504,4,500,650,200026,3,1,202019,1,1,0,,
550408,5번 탑 4스테이지,504,5,650,750,200026,5,1,,1,1,0,,
550409,5번 탑 4스테이지,504,5,680,750,200027,4,2,202016,1,1,0,,
550410,5번 탑 4스테이지,504,6,750,900,200025,4,1,,1,1,0,,
550411,5번 탑 4스테이지,504,6,780,900,200026,4,1,,1,1,0,,
550412,5번 탑 4스테이지,504,6,800,900,200027,4,2,,1,1,0,,
550501,5번 탑 5스테이지,505,1,0,150,200024,4,1,,1,1,0,,
550502,5번 탑 5스테이지,505,1,30,150,200025,4,1,202016,1,1,0,,
550503,5번 탑 5스테이지,505,2,150,300,200025,5,1,,1,1,0,,
550504,5번 탑 5스테이지,505,2,180,300,200026,4,1,202017,1,1,0,,
550505,5번 탑 5스테이지,505,3,300,450,200024,3,1,,1,1,0,,
550506,5번 탑 5스테이지,505,3,300,450,200025,3,1,,1,1,0,,
550507,5번 탑 5스테이지,505,3,330,450,200026,4,1,202018,1,1,0,,
550508,5번 탑 5스테이지,505,4,450,600,200026,8,1,202020,1,1,0,,
550509,5번 탑 5스테이지,505,5,600,750,200026,4,1,,1,1,0,,
550510,5번 탑 5스테이지,505,5,630,750,200027,5,1,202019,1,1,0,,
550511,5번 탑 5스테이지,505,6,750,900,200026,4,1,,1,1,0,,
550512,5번 탑 5스테이지,505,6,750,900,200027,4,1,,1,1,0,,
550513,5번 탑 5스테이지,505,6,780,900,200028,4,1,,1,1,0,,
550601,5번 탑 6스테이지,506,1,0,150,200025,4,0,,1,1,0,,
550602,5번 탑 6스테이지,506,1,0,150,200026,3,1,202018,1,1,0,,
550603,5번 탑 6스테이지,506,2,150,300,200026,4,1,,1,1,0,,
550604,5번 탑 6스테이지,506,2,150,300,200027,4,1,202016,1,1,0,,
550605,5번 탑 6스테이지,506,3,300,450,200027,5,1,202019,1,1,0,,
550606,5번 탑 6스테이지,506,4,450,600,200025,5,1,,1,1,0,,
550607,5번 탑 6스테이지,506,4,450,600,200026,5,1,,1,1,0,,
550608,5번 탑 6스테이지,506,4,450,600,200027,3,1,202017,1,1,0,,
550609,5번 탑 6스테이지,506,5,600,750,200026,5,1,,1,1,0,,
550610,5번 탑 6스테이지,506,5,600,750,200028,4,1,202020,1,1,0,,
550611,5번 탑 6스테이지,506,6,750,900,200027,6,1,,1,1,0,,
550612,5번 탑 6스테이지,506,6,750,900,200028,6,1,,1,1,0,,
550701,5번 탑 7스테이지,507,1,0,150,200022,10,2,202017,1,1,0,,
550702,5번 탑 7스테이지,507,2,150,300,200022,8,2,,1,1,0,,
550703,5번 탑 7스테이지,507,2,150,300,200027,3,1,202020,1,1,0,,
550704,5번 탑 7스테이지,507,3,300,450,200022,12,2,202016,1,1,0,,
550705,5번 탑 7스테이지,507,4,450,600,200022,10,2,,1,1,0,,
550706,5번 탑 7스테이지,507,4,450,600,200028,3,0,202019,1,1,0,,
550707,5번 탑 7스테이지,507,5,600,750,200023,10,2,,1,1,0,,
550708,5번 탑 7스테이지,507,5,600,750,200027,4,1,202018,1,1,0,,
550709,5번 탑 7스테이지,507,6,750,900,200022,15,2,,1,1,0,,
550710,5번 탑 7스테이지,507,6,750,900,200028,4,0,,1,1,0,,
550801,5번 탑 8스테이지,508,1,0,150,200023,8,2,,1,1,0,,
550802,5번 탑 8스테이지,508,1,0,150,200027,4,1,202020,1,1,0,,
550803,5번 탑 8스테이지,508,2,150,300,200022,10,2,,1,1,0,,
550804,5번 탑 8스테이지,508,2,150,300,200028,3,0,202019,1,1,0,,
550805,5번 탑 8스테이지,508,3,300,450,200023,12,2,,1,1,0,,
550806,5번 탑 8스테이지,508,3,300,450,200027,5,1,202017,1,1,0,,
550807,5번 탑 8스테이지,508,4,450,600,200024,10,2,,1,1,0,,
550808,5번 탑 8스테이지,508,4,450,600,200028,4,0,202018,1,1,0,,
550809,5번 탑 8스테이지,508,5,600,750,200023,10,2,,1,1,0,,
550810,5번 탑 8스테이지,508,5,600,750,200022,10,2,202016,1,1,0,,
550811,5번 탑 8스테이지,508,6,750,900,200022,20,2,,1,1,0,,
550812,5번 탑 8스테이지,508,6,750,900,200028,5,0,,1,1,0,,
550901,5번 탑 9스테이지,509,1,0,120,200025,5,0,,1,1,0,,
550902,5번 탑 9스테이지,509,1,0,120,200026,4,1,202019,1,1,0,,
550903,5번 탑 9스테이지,509,2,120,240,200026,6,1,202016,1,1,0,,
550904,5번 탑 9스테이지,509,3,240,390,200027,4,1,,1,1,0,,
550905,5번 탑 9스테이지,509,3,240,390,200022,8,2,202018,1,1,0,,
550906,5번 탑 9스테이지,509,4,390,540,200028,4,0,,1,1,0,,
550907,5번 탑 9스테이지,509,4,390,540,200025,6,1,202020,1,1,0,,
550908,5번 탑 9스테이지,509,5,540,690,200028,5,1,,1,1,0,,
550909,5번 탑 9스테이지,509,5,540,690,200026,5,2,202017,1,1,0,,
550910,5번 탑 9스테이지,509,6,690,900,200027,8,1,,1,1,0,,
550911,5번 탑 9스테이지,509,6,690,900,200028,6,1,,1,1,0,,
551001,5번 탑 10스테이지,510,1,0,100,200026,5,1,,1,1,0,,
551002,5번 탑 10스테이지,510,1,0,100,200027,3,0,202016,1,1,0,,
551003,5번 탑 10스테이지,510,2,100,220,200027,5,1,,1,1,0,,
551004,5번 탑 10스테이지,510,2,100,220,200023,8,2,202018,1,1,0,,
551005,5번 탑 10스테이지,510,3,220,350,200028,4,0,,1,1,0,,
551006,5번 탑 10스테이지,510,3,220,350,200022,10,2,202020,1,1,0,,
551007,5번 탑 10스테이지,510,4,350,500,200028,6,1,202019,1,1,0,,
551008,5번 탑 10스테이지,510,5,500,700,200027,6,1,,1,1,0,,
551009,5번 탑 10스테이지,510,5,500,700,200028,6,1,202017,1,1,0,,
551010,5번 탑 10스테이지,510,6,700,900,200022,15,2,,1,1,0,,
551011,5번 탑 10스테이지,510,6,700,900,200028,10,1,,1,1,0,,
560101,6번 탑 1스테이지,601,1,0,150,200029,5,2,,1,1,0,,
560102,6번 탑 1스테이지,601,1,30,150,200033,2,1,202023,1,1,0,,
560103,6번 탑 1스테이지,601,2,150,300,200030,6,0,,1,1,0,,
560104,6번 탑 1스테이지,601,2,180,300,200034,3,1,202021,1,1,0,,
560105,6번 탑 1스테이지,601,3,300,450,200029,4,2,,1,1,0,,
560106,6번 탑 1스테이지,601,3,300,450,200031,4,1,,1,1,0,,
560107,6번 탑 1스테이지,601,3,330,450,200035,2,1,202025,1,1,0,,
560108,6번 탑 1스테이지,601,4,450,600,200032,8,1,202022,1,1,0,,
560109,6번 탑 1스테이지,601,5,600,750,200033,4,1,,1,1,0,,
560110,6번 탑 1스테이지,601,5,630,750,200030,5,2,202024,1,1,0,,
560111,6번 탑 1스테이지,601,6,750,900,200035,4,2,,1,1,0,,
560112,6번 탑 1스테이지,601,6,750,900,200034,4,1,,1,1,0,,
560113,6번 탑 1스테이지,601,6,780,900,200032,4,0,,1,1,0,,
560201,6번 탑 2스테이지,602,1,0,180,200031,6,1,,1,1,0,,
560202,6번 탑 2스테이지,602,1,40,180,200035,2,2,202024,1,1,0,,
560203,6번 탑 2스테이지,602,2,180,360,200032,5,1,202022,1,1,0,,
560204,6번 탑 2스테이지,602,3,360,540,200029,10,2,,1,1,0,,
560205,6번 탑 2스테이지,602,3,400,540,200034,4,1,202025,1,1,0,,
560206,6번 탑 2스테이지,602,4,540,720,200033,5,1,,1,1,0,,
560207,6번 탑 2스테이지,602,4,540,720,200030,5,0,202021,1,1,0,,
560208,6번 탑 2스테이지,602,5,720,840,200035,4,2,,1,1,0,,
560209,6번 탑 2스테이지,602,5,750,840,200032,5,1,202023,1,1,0,,
560210,6번 탑 2스테이지,602,6,840,900,200035,12,2,,1,1,0,,
560301,6번 탑 3스테이지,603,1,0,150,200034,4,1,202022,1,1,0,,
560302,6번 탑 3스테이지,603,2,150,300,200030,8,2,,1,1,0,,
560303,6번 탑 3스테이지,603,2,180,300,200035,3,0,202025,1,1,0,,
560304,6번 탑 3스테이지,603,3,300,450,200032,4,1,,1,1,0,,
560305,6번 탑 3스테이지,603,3,300,450,200033,4,1,,1,1,0,,
560306,6번 탑 3스테이지,603,3,330,450,200029,6,2,202021,1,1,0,,
560307,6번 탑 3스테이지,603,4,450,600,200031,6,1,202024,1,1,0,,
560308,6번 탑 3스테이지,603,5,600,750,200035,5,2,,1,1,0,,
560309,6번 탑 3스테이지,603,5,630,750,200032,5,0,202023,1,1,0,,
560310,6번 탑 3스테이지,603,6,750,900,200034,15,1,,1,1,0,,
560401,6번 탑 4스테이지,604,1,0,150,200033,5,1,202025,1,1,0,,
560402,6번 탑 4스테이지,604,2,150,300,200029,10,2,,1,1,0,,
560403,6번 탑 4스테이지,604,2,180,300,200035,3,1,202021,1,1,0,,
560404,6번 탑 4스테이지,604,3,300,450,200032,4,1,,1,1,0,,
560405,6번 탑 4스테이지,604,3,300,450,200030,4,0,,1,1,0,,
560406,6번 탑 4스테이지,604,3,330,450,200034,4,2,202023,1,1,0,,
560407,6번 탑 4스테이지,604,4,450,600,200031,8,1,202022,1,1,0,,
560408,6번 탑 4스테이지,604,5,600,750,200035,6,2,,1,1,0,,
560409,6번 탑 4스테이지,604,5,650,750,200033,5,1,202024,1,1,0,,
560410,6번 탑 4스테이지,604,6,750,900,200035,20,2,,1,1,0,,
560501,6번 탑 5스테이지,605,1,0,180,200035,4,2,202021,1,1,0,,
560502,6번 탑 5스테이지,605,2,180,360,200031,5,1,,1,1,0,,
560503,6번 탑 5스테이지,605,2,200,360,200033,4,1,202023,1,1,0,,
560504,6번 탑 5스테이지,605,3,360,540,200030,12,2,202025,1,1,0,,
560505,6번 탑 5스테이지,605,4,540,700,200034,6,1,,1,1,0,,
560506,6번 탑 5스테이지,605,4,580,700,200032,6,0,202022,1,1,0,,
560507,6번 탑 5스테이지,605,5,700,850,200035,8,2,202024,1,1,0,,
560508,6번 탑 5스테이지,605,6,850,900,200035,15,2,,1,1,0,,
560601,6번 탑 6스테이지,606,1,0,80,200035,5,2,202024,1,1,0,,
560602,6번 탑 6스테이지,606,2,80,320,200029,6,2,,1,1,0,,
560603,6번 탑 6스테이지,606,2,100,320,200032,4,1,,1,1,0,,
560604,6번 탑 6스테이지,606,2,120,320,200033,4,0,202021,1,1,0,,
560605,6번 탑 6스테이지,606,3,320,420,200034,10,2,202023,1,1,0,,
560606,6번 탑 6스테이지,606,4,420,650,200031,5,1,,1,1,0,,
560607,6번 탑 6스테이지,606,4,450,650,200035,6,1,202025,1,1,0,,
560608,6번 탑 6스테이지,606,5,650,800,200035,10,2,202022,1,1,0,,
560609,6번 탑 6스테이지,606,6,800,900,200035,25,2,,1,1,0,,
560701,6번 탑 7스테이지,607,1,0,90,200032,6,1,,1,1,0,,
560702,6번 탑 7스테이지,607,1,30,90,200035,3,2,202022,1,1,0,,
560703,6번 탑 7스테이지,607,2,90,350,200029,12,2,,1,1,0,,
560704,6번 탑 7스테이지,607,2,150,350,200034,5,1,202024,1,1,0,,
560705,6번 탑 7스테이지,607,3,350,450,200035,10,2,202021,1,1,0,,
560706,6번 탑 7스테이지,607,4,450,700,200033,5,1,,1,1,0,,
560707,6번 탑 7스테이지,607,4,480,700,200031,5,1,,1,1,0,,
560708,6번 탑 7스테이지,607,4,500,700,200030,5,2,202025,1,1,0,,
560709,6번 탑 7스테이지,607,5,700,840,200035,8,2,202023,1,1,0,,
560710,6번 탑 7스테이지,607,6,840,900,200035,30,2,,1,1,0,,
560801,6번 탑 8스테이지,608,1,0,70,200034,8,1,202025,1,1,0,,
560802,6번 탑 8스테이지,608,2,70,300,200031,4,1,,1,1,0,,
560803,6번 탑 8스테이지,608,2,100,300,200032,4,2,,1,1,0,,
560804,6번 탑 8스테이지,608,2,120,300,200035,4,1,202022,1,1,0,,
560805,6번 탑 8스테이지,608,3,300,450,200033,12,2,202024,1,1,0,,
560806,6번 탑 8스테이지,608,4,450,650,200030,10,0,,1,1,0,,
560807,6번 탑 8스테이지,608,5,650,820,200035,12,2,202021,1,1,0,,
560808,6번 탑 8스테이지,608,6,820,900,200034,25,2,,1,1,0,,
560901,6번 탑 9스테이지,609,1,0,100,200035,8,2,202023,1,1,0,,
560902,6번 탑 9스테이지,609,2,100,200,200031,6,1,,1,1,0,,
560903,6번 탑 9스테이지,609,2,120,200,200032,6,2,202021,1,1,0,,
560904,6번 탑 9스테이지,609,3,200,350,200033,12,2,202024,1,1,0,,
560905,6번 탑 9스테이지,609,4,350,500,200034,8,1,,1,1,0,,
560906,6번 탑 9스테이지,609,4,380,500,200035,8,2,202022,1,1,0,,
560907,6번 탑 9스테이지,609,5,500,700,200035,10,2,202025,1,1,0,,
560908,6번 탑 9스테이지,609,6,700,900,200035,35,2,,1,1,0,,
561001,6번 탑 10스테이지,610,1,0,80,200034,6,1,,1,1,0,,
561002,6번 탑 10스테이지,610,1,20,80,200035,5,2,202025,1,1,0,,
561003,6번 탑 10스테이지,610,2,80,180,200029,15,2,202022,1,1,0,,
561004,6번 탑 10스테이지,610,3,180,300,200031,8,2,,1,1,0,,
561005,6번 탑 10스테이지,610,3,200,300,200035,8,1,202021,1,1,0,,
561006,6번 탑 10스테이지,610,4,300,450,200033,12,1,202024,1,1,0,,
561007,6번 탑 10스테이지,610,5,450,650,200032,8,0,,1,1,0,,
561008,6번 탑 10스테이지,610,5,450,650,200034,8,1,,1,1,0,,
561009,6번 탑 10스테이지,610,5,480,650,200030,8,2,202023,1,1,0,,
561010,6번 탑 10스테이지,610,6,650,900,200035,45,2,,1,1,0,,
570101,7번 탑 1스테이지,701,1,0,150,200038,4,0,202026,1,1,0,,
570102,7번 탑 1스테이지,701,2,150,300,200041,6,1,202028,1,1,0,,
570103,7번 탑 1스테이지,701,3,300,450,200036,4,0,,1,1,0,,
570104,7번 탑 1스테이지,701,3,300,450,200040,4,2,202027,1,1,0,,
570105,7번 탑 1스테이지,701,4,450,600,200039,8,1,202029,1,1,0,,
570106,7번 탑 1스테이지,701,5,600,750,200042,5,2,,1,1,0,,
570107,7번 탑 1스테이지,701,5,600,750,200037,7,0,202030,1,1,0,,
570108,7번 탑 1스테이지,701,6,750,900,200036,20,0,,1,1,0,,
570201,7번 탑 2스테이지,702,1,0,150,200040,5,0,202029,1,1,0,,
570202,7번 탑 2스테이지,702,2,150,300,200037,6,2,202027,1,1,0,,
570203,7번 탑 2스테이지,702,3,300,450,200042,4,0,,1,1,0,,
570204,7번 탑 2스테이지,702,3,300,450,200039,4,1,202026,1,1,0,,
570205,7번 탑 2스테이지,702,4,450,600,200041,10,1,202028,1,1,0,,
570206,7번 탑 2스테이지,702,5,600,750,200038,5,2,,1,1,0,,
570207,7번 탑 2스테이지,702,5,600,750,200036,7,0,202030,1,1,0,,
570208,7번 탑 2스테이지,702,6,750,900,200042,25,0,,1,1,0,,
570301,7번 탑 3스테이지,703,1,0,120,200041,5,0,202026,1,1,0,,
570302,7번 탑 3스테이지,703,2,120,280,200038,6,1,202028,1,1,0,,
570303,7번 탑 3스테이지,703,3,280,400,200042,8,2,,1,1,0,,
570304,7번 탑 3스테이지,703,3,280,400,200036,3,0,202027,1,1,0,,
570305,7번 탑 3스테이지,703,4,400,650,200037,6,0,,1,1,0,,
570306,7번 탑 3스테이지,703,4,500,650,200039,5,1,202030,1,1,0,,
570307,7번 탑 3스테이지,703,5,650,780,200040,12,2,202029,1,1,0,,
570308,7번 탑 3스테이지,703,6,780,900,200041,25,0,,1,1,0,,
570401,7번 탑 4스테이지,704,1,0,180,200042,6,0,202028,1,1,0,,
570402,7번 탑 4스테이지,704,2,150,300,200037,8,1,202026,1,1,0,,
570403,7번 탑 4스테이지,704,3,300,450,200039,6,2,,1,1,0,,
570404,7번 탑 4스테이지,704,3,350,450,200036,8,0,202030,1,1,0,,
570405,7번 탑 4스테이지,704,4,450,650,200041,10,1,202027,1,1,0,,
570406,7번 탑 4스테이지,704,5,600,780,200040,12,2,202029,1,1,0,,
570407,7번 탑 4스테이지,704,6,780,900,200038,30,0,,1,1,0,,
570501,7번 탑 5스테이지,705,1,0,100,200038,6,0,202027,1,1,0,,
570502,7번 탑 5스테이지,705,2,100,220,200042,8,1,202029,1,1,0,,
570503,7번 탑 5스테이지,705,3,220,350,200036,10,2,202026,1,1,0,,
570504,7번 탑 5스테이지,705,4,350,550,200040,8,0,,1,1,0,,
570505,7번 탑 5스테이지,705,4,400,550,200037,10,1,202030,1,1,0,,
570506,7번 탑 5스테이지,705,5,550,800,200041,12,2,,1,1,0,,
570507,7번 탑 5스테이지,705,5,650,800,200039,15,0,202028,1,1,0,,
570508,7번 탑 5스테이지,705,6,800,900,200042,35,0,,1,1,0,,
570601,7번 탑 6스테이지,706,1,0,150,200036,4,0,202028,1,1,0,,
570602,7번 탑 6스테이지,706,1,0,150,200037,4,1,,1,1,0,,
570603,7번 탑 6스테이지,706,2,150,300,200038,5,0,202026,1,1,0,,
570604,7번 탑 6스테이지,706,2,150,300,200039,4,2,,1,1,0,,
570605,7번 탑 6스테이지,706,3,300,450,200040,5,1,202030,1,1,0,,
570606,7번 탑 6스테이지,706,3,300,450,200041,5,0,,1,1,0,,
570607,7번 탑 6스테이지,706,4,450,600,200042,6,2,202027,1,1,0,,
570608,7번 탑 6스테이지,706,4,450,600,200036,6,1,,1,1,0,,
570609,7번 탑 6스테이지,706,5,600,750,200037,5,0,202029,1,1,0,,
570610,7번 탑 6스테이지,706,5,600,750,200038,5,1,,1,1,0,,
570611,7번 탑 6스테이지,706,5,600,750,200039,5,2,,1,1,0,,
570612,7번 탑 6스테이지,706,6,750,900,200040,12,0,,1,1,0,,
570613,7번 탑 6스테이지,706,6,750,900,200041,12,1,,1,1,0,,
570614,7번 탑 6스테이지,706,6,750,900,200042,15,2,,1,1,0,,
570701,7번 탑 7스테이지,707,1,0,100,200041,5,0,202026,1,1,0,,
570702,7번 탑 7스테이지,707,1,0,100,200038,5,1,,1,1,0,,
570703,7번 탑 7스테이지,707,2,80,250,200042,6,2,202028,1,1,0,,
570704,7번 탑 7스테이지,707,2,100,250,200039,6,0,,1,1,0,,
570705,7번 탑 7스테이지,707,3,200,400,200037,6,1,202027,1,1,0,,
570706,7번 탑 7스테이지,707,3,250,400,200036,6,0,,1,1,0,,
570707,7번 탑 7스테이지,707,4,350,550,200040,7,2,202030,1,1,0,,
570708,7번 탑 7스테이지,707,4,350,550,200041,6,1,,1,1,0,,
570709,7번 탑 7스테이지,707,4,400,550,200038,6,0,,1,1,0,,
570710,7번 탑 7스테이지,707,5,500,700,200042,7,0,202029,1,1,0,,
570711,7번 탑 7스테이지,707,5,500,700,200039,7,2,,1,1,0,,
570712,7번 탑 7스테이지,707,5,550,700,200037,7,1,,1,1,0,,
570713,7번 탑 7스테이지,707,6,700,900,200036,20,0,,1,1,0,,
570714,7번 탑 7스테이지,707,6,700,900,200040,15,1,,1,1,0,,
570801,7번 탑 8스테이지,708,1,0,150,200037,5,1,202029,1,1,0,,
570802,7번 탑 8스테이지,708,1,0,150,200038,5,2,,1,1,0,,
570803,7번 탑 8스테이지,708,2,150,300,200039,6,1,202026,1,1,0,,
570804,7번 탑 8스테이지,708,2,150,300,200040,6,2,,1,1,0,,
570805,7번 탑 8스테이지,708,3,300,450,200041,7,1,202028,1,1,0,,
570806,7번 탑 8스테이지,708,3,300,450,200042,7,2,,1,1,0,,
570807,7번 탑 8스테이지,708,4,450,600,200036,5,0,202027,1,1,0,,
570808,7번 탑 8스테이지,708,4,450,600,200037,5,0,,1,1,0,,
570809,7번 탑 8스테이지,708,4,450,600,200038,5,1,,1,1,0,,
570810,7번 탑 8스테이지,708,4,450,600,200039,5,2,,1,1,0,,
570811,7번 탑 8스테이지,708,5,600,750,200040,6,0,202030,1,1,0,,
570812,7번 탑 8스테이지,708,5,600,750,200041,6,1,,1,1,0,,
570813,7번 탑 8스테이지,708,5,600,750,200042,6,2,,1,1,0,,
570814,7번 탑 8스테이지,708,6,750,900,200036,12,0,,1,1,0,,
570815,7번 탑 8스테이지,708,6,750,900,200037,12,0,,1,1,0,,
570816,7번 탑 8스테이지,708,6,750,900,200038,12,0,,1,1,0,,
570817,7번 탑 8스테이지,708,6,750,900,200039,12,0,,1,1,0,,
570901,7번 탑 9스테이지,709,1,0,120,200042,5,0,202030,1,1,0,,
570902,7번 탑 9스테이지,709,1,0,120,200041,5,1,,1,1,0,,
570903,7번 탑 9스테이지,709,2,100,250,200040,4,0,202028,1,1,0,,
570904,7번 탑 9스테이지,709,2,100,250,200039,4,2,,1,1,0,,
570905,7번 탑 9스테이지,709,2,120,250,200038,4,1,,1,1,0,,
570906,7번 탑 9스테이지,709,3,200,400,200037,4,0,202026,1,1,0,,
570907,7번 탑 9스테이지,709,3,200,400,200036,4,1,,1,1,0,,
570908,7번 탑 9스테이지,709,3,250,400,200042,4,2,,1,1,0,,
570909,7번 탑 9스테이지,709,3,250,400,200041,4,0,,1,1,0,,
570910,7번 탑 9스테이지,709,4,350,550,200040,5,1,202027,1,1,0,,
570911,7번 탑 9스테이지,709,4,350,550,200039,5,2,,1,1,0,,
570912,7번 탑 9스테이지,709,4,400,550,200038,5,0,,1,1,0,,
570913,7번 탑 9스테이지,709,4,400,550,200037,5,0,,1,1,0,,
570914,7번 탑 9스테이지,709,5,500,700,200036,6,1,202029,1,1,0,,
570915,7번 탑 9스테이지,709,5,500,700,200042,6,2,,1,1,0,,
570916,7번 탑 9스테이지,709,5,550,700,200041,6,0,,1,1,0,,
570917,7번 탑 9스테이지,709,5,550,700,200040,6,0,,1,1,0,,
570918,7번 탑 9스테이지,709,6,650,900,200039,10,0,,1,1,0,,
570919,7번 탑 9스테이지,709,6,650,900,200038,10,1,,1,1,0,,
570920,7번 탑 9스테이지,709,6,700,900,200037,10,2,,1,1,0,,
570921,7번 탑 9스테이지,709,6,700,900,200036,15,0,,1,1,0,,
571001,7번 탑 10스테이지,710,1,0,150,200042,6,0,202028,1,1,0,,
571002,7번 탑 10스테이지,710,1,0,150,200038,6,1,,1,1,0,,
571003,7번 탑 10스테이지,710,1,50,150,200040,5,2,,1,1,0,,
571004,7번 탑 10스테이지,710,2,120,300,200037,8,1,202026,1,1,0,,
571005,7번 탑 10스테이지,710,2,120,300,200041,6,0,,1,1,0,,
571006,7번 탑 10스테이지,710,2,200,300,200039,8,2,,1,1,0,,
571007,7번 탑 10스테이지,710,3,250,450,200036,10,0,202030,1,1,0,,
571008,7번 탑 10스테이지,710,3,250,450,200042,8,1,,1,1,0,,
571009,7번 탑 10스테이지,710,3,300,450,200038,8,2,,1,1,0,,
571010,7번 탑 10스테이지,710,4,400,600,200040,10,1,202027,1,1,0,,
571011,7번 탑 10스테이지,710,4,400,600,200041,10,0,,1,1,0,,
571012,7번 탑 10스테이지,710,4,450,600,200037,10,2,,1,1,0,,
571013,7번 탑 10스테이지,710,4,500,600,200039,10,0,,1,1,0,,
571014,7번 탑 10스테이지,710,5,550,750,200042,12,2,202029,1,1,0,,
571015,7번 탑 10스테이지,710,5,550,750,200038,12,1,,1,1,0,,
571016,7번 탑 10스테이지,710,5,600,750,200036,12,0,,1,1,0,,
571017,7번 탑 10스테이지,710,5,650,750,200040,12,1,,1,1,0,,
571018,7번 탑 10스테이지,710,6,700,900,200036,15,0,,1,1,0,,
571019,7번 탑 10스테이지,710,6,700,900,200037,15,1,,1,1,0,,
571020,7번 탑 10스테이지,710,6,750,900,200038,15,2,,1,1,0,,
571021,7번 탑 10스테이지,710,6,750,900,200039,15,0,,1,1,0,,
571022,7번 탑 10스테이지,710,6,800,900,200040,15,1,,1,1,0,,
571023,7번 탑 10스테이지,710,6,800,900,200041,15,2,,1,1,0,,
571024,7번 탑 10스테이지,710,6,800,900,200042,20,0,,1,1,0,,
