고유 id,기획자 소통용,스테이지와 연결되는 id,몬스터 타입 0: 일정 간격으로 반복 등장 1: 일회성 등장,등장 시작 시간,생성 종료 시간,등장 주기,등장 몬스터 id,Unnamed: 8,Unnamed: 9,Unnamed: 10,Unnamed: 11
special_id,_description,special_group_id,spawn_type,start_time,end_time,generation_time,monster_id,,,,
int,string,int,enum,int,int,int,int,,,,
599901,일일골드던전 특수 몬스터,999,0,0,60,1,201101,,,,
520101,2번 탑 1스테이지 특수 몬스터,201,0,60,600,60,201001,,Index 규칙,,Group_Id 규칙
520102,2번 탑 1스테이지 특수 몬스터,201,1,120,120,0,201003,,앞자리 101 = Group_id,,101 = 1번탑 1스테이지
520103,2번 탑 1스테이지 특수 몬스터,201,1,210,210,0,201006,,뒤자리 01 = 순차적으로 상승,,앞자리 1 = 탑
520104,2번 탑 1스테이지 특수 몬스터,201,1,330,330,0,201007,,,,
520105,2번 탑 1스테이지 특수 몬스터,201,1,400,400,0,201004,,,,뒤자리 01 스테이지
520106,2번 탑 1스테이지 특수 몬스터,201,0,550,550,0,201015,,,,
520201,2번 탑 2스테이지 특수 몬스터,202,0,90,700,90,201005,,,,
520202,2번 탑 2스테이지 특수 몬스터,202,1,150,150,0,201007,,,,
520203,2번 탑 2스테이지 특수 몬스터,202,1,300,300,0,201006,,,,
520204,2번 탑 2스테이지 특수 몬스터,202,1,450,450,0,201009,,,,
520205,2번 탑 2스테이지 특수 몬스터,202,0,600,850,60,201008,,,,
520206,2번 탑 2스테이지 특수 몬스터,202,1,800,800,0,201015,,,,
520207,2번 탑 2 스테이지 동물주민,202,1,500,500,0,201091,,,,
520301,2번 탑 3스테이지 특수 몬스터,203,0,60,300,60,201001,,,,
520302,2번 탑 3스테이지 특수 몬스터,203,1,250,250,0,201009,,,,
520303,2번 탑 3스테이지 특수 몬스터,203,0,360,540,40,201006,,,,
520304,2번 탑 3스테이지 특수 몬스터,203,1,600,600,0,201011,,,,
520305,2번 탑 3스테이지 특수 몬스터,203,0,660,800,30,201010,,,,
520306,2번 탑 3스테이지 특수 몬스터,203,1,850,850,0,201015,,,,
520401,2번 탑 4스테이지 특수 몬스터,204,0,60,200,70,201007,,,,
520402,2번 탑 4스테이지 특수 몬스터,204,0,200,400,50,201003,,,,
520403,2번 탑 4스테이지 특수 몬스터,204,1,400,400,0,201013,,,,
520404,2번 탑 4스테이지 특수 몬스터,204,0,550,700,40,201014,,,,
520405,2번 탑 4스테이지 특수 몬스터,204,1,750,750,0,201013,,,,
520406,2번 탑 4스테이지 특수 몬스터,204,1,850,850,0,201012,,,,
520407,2번 탑 4스테이지 특수 몬스터,204,1,880,880,0,201015,,,,
520501,2번 탑 5스테이지 특수 몬스터,205,0,50,250,60,201013,,,,
520502,2번 탑 5스테이지 특수 몬스터,205,1,200,200,0,201015,,,,
520503,2번 탑 5스테이지 특수 몬스터,205,0,350,600,45,201014,,,,
520504,2번 탑 5스테이지 특수 몬스터,205,1,450,450,0,201006,,,,
520505,2번 탑 5스테이지 특수 몬스터,205,0,550,800,35,201011,,,,
520506,2번 탑 5스테이지 특수 몬스터,205,1,700,700,0,201010,,,,
520507,2번 탑 5스테이지 특수 몬스터,205,1,750,750,0,201015,,,,
520508,2번 탑 5스테이지 특수 몬스터,205,0,840,890,15,201015,,,,
520601,2번 탑 6스테이지 특수 몬스터,206,0,60,260,100,201007,,,,
520602,2번 탑 6스테이지 특수 몬스터,206,0,350,650,100,201001,,,,
520603,2번 탑 6스테이지 특수 몬스터,206,1,750,750,0,201013,,,,
520604,2번 탑 6스테이지 특수 몬스터,206,1,880,880,0,201015,,,,
520701,2번 탑 7스테이지 특수 몬스터,207,0,100,400,100,201003,,,,
520702,2번 탑 7스테이지 특수 몬스터,207,0,450,750,90,201014,,,,
520703,2번 탑 7스테이지 특수 몬스터,207,1,800,800,0,201011,,,,
520801,2번 탑 8스테이지 특수 몬스터,208,0,50,450,120,201002,,,,
520802,2번 탑 8스테이지 특수 몬스터,208,0,500,800,100,201013,,,,
520803,2번 탑 8스테이지 특수 몬스터,208,1,850,850,0,201015,,,,
520901,2번 탑 9스테이지 특수 몬스터,209,0,60,400,110,201007,,,,
520902,2번 탑 9스테이지 특수 몬스터,209,0,450,750,100,201009,,,,
520903,2번 탑 9스테이지 특수 몬스터,209,1,850,850,0,201014,,,,
520904,2번 탑 9스테이지 동물주민,209,1,300,300,0,201092,,,,
521001,2번 탑 10스테이지 특수 몬스터,210,0,50,300,80,201001,,,,
521002,2번 탑 10스테이지 특수 몬스터,210,0,400,700,70,201005,,,,
521003,2번 탑 10스테이지 특수 몬스터,210,1,750,750,0,201013,,,,
521004,2번 탑 10스테이지 특수 몬스터,210,1,820,820,0,201010,,,,
521005,2번 탑 10스테이지 특수 몬스터,210,1,880,880,0,201015,,,,
530101,3번 탑 1스테이지 특수 몬스터,301,0,60,300,100,201016,,,,
530102,3번 탑 1스테이지 특수 몬스터,301,0,350,650,150,201018,,,,
530103,3번 탑 1스테이지 특수 몬스터,301,1,750,750,0,201022,,,,
530104,3번 탑 1스테이지 특수 몬스터,301,1,880,880,0,201030,,,,
530201,3번 탑 2스테이지 특수 몬스터,302,0,100,400,100,201016,,,,
530202,3번 탑 2스테이지 특수 몬스터,302,0,150,550,120,201019,,,,
530203,3번 탑 2스테이지 특수 몬스터,302,1,600,600,0,201021,,,,
530204,3번 탑 2스테이지 특수 몬스터,302,1,850,850,0,201030,,,,
530301,3번 탑 3스테이지 특수 몬스터,303,0,50,350,150,201017,,,,
530302,3번 탑 3스테이지 특수 몬스터,303,1,250,250,0,201024,,,,
530303,3번 탑 3스테이지 특수 몬스터,303,0,450,750,100,201023,,,,
530304,3번 탑 3스테이지 특수 몬스터,303,1,800,800,0,201021,,,,
530401,3번 탑 4스테이지 특수 몬스터,304,0,80,480,100,201020,,,,
530402,3번 탑 4스테이지 특수 몬스터,304,1,300,300,0,201026,,,,
530403,3번 탑 4스테이지 특수 몬스터,304,0,550,850,150,201016,,,,
530404,3번 탑 4스테이지 특수 몬스터,304,1,700,700,0,201025,,,,
530501,3번 탑 5스테이지 특수 몬스터,305,0,60,360,100,201028,,,,
530502,3번 탑 5스테이지 특수 몬스터,305,1,200,200,0,201030,,,,
530503,3번 탑 5스테이지 특수 몬스터,305,0,450,750,150,201026,,,,
530504,3번 탑 5스테이지 특수 몬스터,305,1,500,500,0,201027,,,,
530505,3번 탑 5스테이지 특수 몬스터,305,0,650,850,100,201024,,,,
530601,3번 탑 6스테이지 특수 몬스터,306,0,50,350,100,201016,,,,
530602,3번 탑 6스테이지 특수 몬스터,306,0,150,450,150,201024,,,,
530603,3번 탑 6스테이지 특수 몬스터,306,1,500,500,0,201026,,,,
530604,3번 탑 6스테이지 특수 몬스터,306,0,600,850,120,201019,,,,
530605,3번 탑 6스테이지 특수 몬스터,306,1,800,800,0,201030,,,,
530606,3번 탑 6스테이지 동물주민,306,1,420,420,0,201093,,,,
530701,3번 탑 7스테이지 특수 몬스터,307,0,80,380,100,201029,,,,
530702,3번 탑 7스테이지 특수 몬스터,307,1,200,200,0,201020,,,,
530703,3번 탑 7스테이지 특수 몬스터,307,0,450,750,100,201017,,,,
530704,3번 탑 7스테이지 특수 몬스터,307,1,600,600,0,201025,,,,
530705,3번 탑 7스테이지 특수 몬스터,307,0,700,850,150,201022,,,,
530801,3번 탑 8스테이지 특수 몬스터,308,0,60,460,100,201028,,,,
530802,3번 탑 8스테이지 특수 몬스터,308,1,300,300,0,201021,,,,
530803,3번 탑 8스테이지 특수 몬스터,308,0,500,800,100,201027,,,,
530804,3번 탑 8스테이지 특수 몬스터,308,1,650,650,0,201030,,,,
530805,3번 탑 8스테이지 특수 몬스터,308,0,750,880,100,201023,,,,
530901,3번 탑 9스테이지 특수 몬스터,309,0,40,340,100,201016,,,,
530902,3번 탑 9스테이지 특수 몬스터,309,1,150,150,0,201018,,,,
530903,3번 탑 9스테이지 특수 몬스터,309,0,400,700,120,201024,,,,
530904,3번 탑 9스테이지 특수 몬스터,309,1,550,550,0,201029,,,,
530905,3번 탑 9스테이지 특수 몬스터,309,0,750,880,100,201030,,,,
530906,3번 탑 9스테이지 특수 몬스터,309,1,820,820,0,201028,,,,
531001,3번 탑 10스테이지 특수 몬스터,310,0,50,350,100,201016,,,,
531002,3번 탑 10스테이지 특수 몬스터,310,1,150,150,0,201020,,,,
531003,3번 탑 10스테이지 특수 몬스터,310,0,380,600,120,201024,,,,
531004,3번 탑 10스테이지 특수 몬스터,310,1,500,500,0,201029,,,,
531005,3번 탑 10스테이지 특수 몬스터,310,0,650,850,100,201028,,,,
531006,3번 탑 10스테이지 특수 몬스터,310,1,800,800,0,201027,,,,
531007,3번 탑 10스테이지 특수 몬스터,310,1,880,880,0,201030,,,,
540101,4번 탑 1스테이지 특수 몬스터,401,0,60,900,120,201051,,,,
540102,4번 탑 1스테이지 특수 몬스터,401,1,150,150,0,201052,,,,
540103,4번 탑 1스테이지 특수 몬스터,401,1,300,300,0,201053,,,,
540104,4번 탑 1스테이지 특수 몬스터,401,1,450,450,0,201054,,,,
540105,4번 탑 1스테이지 특수 몬스터,401,1,600,600,0,201055,,,,
540106,4번 탑 1스테이지 특수 몬스터,401,1,750,750,0,201056,,,,
540201,4번 탑 2스테이지 특수 몬스터,402,0,90,900,100,201052,,,,
540202,4번 탑 2스테이지 특수 몬스터,402,1,200,200,0,201053,,,,
540203,4번 탑 2스테이지 특수 몬스터,402,1,350,350,0,201054,,,,
540204,4번 탑 2스테이지 특수 몬스터,402,1,500,500,0,201055,,,,
540205,4번 탑 2스테이지 특수 몬스터,402,1,650,650,0,201056,,,,
540206,4번 탑 2스테이지 특수 몬스터,402,1,800,800,0,201051,,,,
540301,4번 탑 3스테이지 특수 몬스터,403,0,50,450,80,201053,,,,
540302,4번 탑 3스테이지 특수 몬스터,403,0,450,900,80,201054,,,,
540303,4번 탑 3스테이지 특수 몬스터,403,1,250,250,0,201055,,,,
540304,4번 탑 3스테이지 특수 몬스터,403,1,550,550,0,201056,,,,
540305,4번 탑 3스테이지 특수 몬스터,403,1,700,700,0,201051,,,,
540306,4번 탑 3스테이지 특수 몬스터,403,1,850,850,0,201052,,,,
540401,4번 탑 4스테이지 특수 몬스터,404,0,100,800,90,201054,,,,
540402,4번 탑 4스테이지 특수 몬스터,404,1,120,120,0,201055,,,,
540403,4번 탑 4스테이지 특수 몬스터,404,1,280,280,0,201056,,,,
540404,4번 탑 4스테이지 특수 몬스터,404,1,420,420,0,201051,,,,
540405,4번 탑 4스테이지 특수 몬스터,404,1,580,580,0,201052,,,,
540406,4번 탑 4스테이지 특수 몬스터,404,1,720,720,0,201053,,,,
540407,4번 탑 4스테이지 동물주민,404,1,444,444,0,201094,,,,
540501,4번 탑 5스테이지 특수 몬스터,405,0,60,900,60,201055,,,,
540502,4번 탑 5스테이지 특수 몬스터,405,1,180,180,0,201056,,,,
540503,4번 탑 5스테이지 특수 몬스터,405,1,360,360,0,201051,,,,
540504,4번 탑 5스테이지 특수 몬스터,405,1,540,540,0,201052,,,,
540505,4번 탑 5스테이지 특수 몬스터,405,1,720,720,0,201053,,,,
540506,4번 탑 5스테이지 특수 몬스터,405,1,850,850,0,201054,,,,
540601,4번 탑 6스테이지 특수 몬스터,406,0,80,900,100,201056,,,,
540602,4번 탑 6스테이지 특수 몬스터,406,1,150,150,0,201051,,,,
540603,4번 탑 6스테이지 특수 몬스터,406,1,300,300,0,201052,,,,
540604,4번 탑 6스테이지 특수 몬스터,406,1,450,450,0,201053,,,,
540605,4번 탑 6스테이지 특수 몬스터,406,1,600,600,0,201054,,,,
540606,4번 탑 6스테이지 특수 몬스터,406,1,750,750,0,201055,,,,
540701,4번 탑 7스테이지 특수 몬스터,407,0,120,900,120,201051,,,,
540702,4번 탑 7스테이지 특수 몬스터,407,1,220,220,0,201052,,,,
540703,4번 탑 7스테이지 특수 몬스터,407,1,380,380,0,201053,,,,
540704,4번 탑 7스테이지 특수 몬스터,407,1,520,520,0,201054,,,,
540705,4번 탑 7스테이지 특수 몬스터,407,1,680,680,0,201055,,,,
540706,4번 탑 7스테이지 특수 몬스터,407,1,820,820,0,201056,,,,
540801,4번 탑 8스테이지 특수 몬스터,408,0,40,500,70,201052,,,,
540802,4번 탑 8스테이지 특수 몬스터,408,0,500,900,60,201053,,,,
540803,4번 탑 8스테이지 특수 몬스터,408,1,250,250,0,201054,,,,
540804,4번 탑 8스테이지 특수 몬스터,408,1,450,450,0,201055,,,,
540805,4번 탑 8스테이지 특수 몬스터,408,1,650,650,0,201056,,,,
540806,4번 탑 8스테이지 특수 몬스터,408,1,800,800,0,201051,,,,
540807,4번 탑 8스테이지 동물주민,408,1,200,200,0,201095,,,,
540901,4번 탑 9스테이지 특수 몬스터,409,0,60,900,90,201053,,,,
540902,4번 탑 9스테이지 특수 몬스터,409,1,120,120,0,201054,,,,
540903,4번 탑 9스테이지 특수 몬스터,409,1,240,240,0,201055,,,,
540904,4번 탑 9스테이지 특수 몬스터,409,1,480,480,0,201056,,,,
540905,4번 탑 9스테이지 특수 몬스터,409,1,600,600,0,201051,,,,
540906,4번 탑 9스테이지 특수 몬스터,409,1,720,720,0,201052,,,,
541001,4번 탑 10스테이지 특수 몬스터,410,0,50,900,60,201054,,,,
541002,4번 탑 10스테이지 특수 몬스터,410,1,150,150,0,201055,,,,
541003,4번 탑 10스테이지 특수 몬스터,410,1,350,350,0,201056,,,,
541004,4번 탑 10스테이지 특수 몬스터,410,1,550,550,0,201051,,,,
541005,4번 탑 10스테이지 특수 몬스터,410,1,750,750,0,201052,,,,
541006,4번 탑 10스테이지 특수 몬스터,410,1,850,850,0,201053,,,,
550101,5번 탑 1스테이지 특수 몬스터,501,0,50,900,100,201061,,,,
550102,5번 탑 1스테이지 특수 몬스터,501,1,180,180,0,201062,,,,
550103,5번 탑 1스테이지 특수 몬스터,501,1,360,360,0,201063,,,,
550104,5번 탑 1스테이지 특수 몬스터,501,1,540,540,0,201064,,,,
550105,5번 탑 1스테이지 특수 몬스터,501,1,720,720,0,201065,,,,
550106,5번 탑 1스테이지 특수 몬스터,501,1,850,850,0,201066,,,,
550107,5번 탑 1스테이지 특수 몬스터,501,1,550,550,0,201096,,,,
550201,5번 탑 2스테이지 특수 몬스터,502,0,80,900,90,201062,,,,
550202,5번 탑 2스테이지 특수 몬스터,502,1,150,150,0,201063,,,,
550203,5번 탑 2스테이지 특수 몬스터,502,1,320,320,0,201064,,,,
550204,5번 탑 2스테이지 특수 몬스터,502,1,450,450,0,201065,,,,
550205,5번 탑 2스테이지 특수 몬스터,502,1,620,620,0,201066,,,,
550206,5번 탑 2스테이지 특수 몬스터,502,1,780,780,0,201061,,,,
550301,5번 탑 3스테이지 특수 몬스터,503,0,60,900,80,201063,,,,
550302,5번 탑 3스테이지 특수 몬스터,503,1,220,220,0,201064,,,,
550303,5번 탑 3스테이지 특수 몬스터,503,1,380,380,0,201065,,,,
550304,5번 탑 3스테이지 특수 몬스터,503,1,550,550,0,201066,,,,
550305,5번 탑 3스테이지 특수 몬스터,503,1,700,700,0,201061,,,,
550306,5번 탑 3스테이지 특수 몬스터,503,1,880,880,0,201062,,,,
550401,5번 탑 4스테이지 특수 몬스터,504,0,70,900,110,201064,,,,
550402,5번 탑 4스테이지 특수 몬스터,504,1,120,120,0,201065,,,,
550403,5번 탑 4스테이지 특수 몬스터,504,1,280,280,0,201066,,,,
550404,5번 탑 4스테이지 특수 몬스터,504,1,420,420,0,201061,,,,
550405,5번 탑 4스테이지 특수 몬스터,504,1,580,580,0,201062,,,,
550406,5번 탑 4스테이지 특수 몬스터,504,1,720,720,0,201063,,,,
550501,5번 탑 5스테이지 특수 몬스터,505,0,50,900,100,201065,,,,
550502,5번 탑 5스테이지 특수 몬스터,505,0,200,900,120,201066,,,,
550503,5번 탑 5스테이지 특수 몬스터,505,1,150,150,0,201061,,,,
550504,5번 탑 5스테이지 특수 몬스터,505,1,350,350,0,201062,,,,
550505,5번 탑 5스테이지 특수 몬스터,505,1,550,550,0,201063,,,,
550506,5번 탑 5스테이지 특수 몬스터,505,1,750,750,0,201064,,,,
550601,5번 탑 6스테이지 특수 몬스터,506,0,80,900,90,201066,,,,
550602,5번 탑 6스테이지 특수 몬스터,506,1,160,160,0,201061,,,,
550603,5번 탑 6스테이지 특수 몬스터,506,1,320,320,0,201062,,,,
550604,5번 탑 6스테이지 특수 몬스터,506,1,480,480,0,201063,,,,
550605,5번 탑 6스테이지 특수 몬스터,506,1,640,640,0,201064,,,,
550606,5번 탑 6스테이지 특수 몬스터,506,1,800,800,0,201065,,,,
550701,5번 탑 7스테이지 특수 몬스터,507,0,60,900,120,201061,,,,
550702,5번 탑 7스테이지 특수 몬스터,507,1,210,210,0,201062,,,,
550703,5번 탑 7스테이지 특수 몬스터,507,1,380,380,0,201063,,,,
550704,5번 탑 7스테이지 특수 몬스터,507,1,520,520,0,201064,,,,
550705,5번 탑 7스테이지 특수 몬스터,507,1,680,680,0,201065,,,,
550706,5번 탑 7스테이지 특수 몬스터,507,1,820,820,0,201066,,,,
550801,5번 탑 8스테이지 특수 몬스터,508,0,40,900,70,201062,,,,
550802,5번 탑 8스테이지 특수 몬스터,508,1,180,180,0,201063,,,,
550803,5번 탑 8스테이지 특수 몬스터,508,1,340,340,0,201064,,,,
550804,5번 탑 8스테이지 특수 몬스터,508,1,490,490,0,201065,,,,
550805,5번 탑 8스테이지 특수 몬스터,508,1,650,650,0,201066,,,,
550806,5번 탑 8스테이지 특수 몬스터,508,1,810,810,0,201061,,,,
550901,5번 탑 9스테이지 특수 몬스터,509,0,50,900,80,201063,,,,
550902,5번 탑 9스테이지 특수 몬스터,509,1,140,140,0,201064,,,,
550903,5번 탑 9스테이지 특수 몬스터,509,1,270,270,0,201065,,,,
550904,5번 탑 9스테이지 특수 몬스터,509,1,420,420,0,201066,,,,
550905,5번 탑 9스테이지 특수 몬스터,509,1,580,580,0,201061,,,,
550906,5번 탑 9스테이지 특수 몬스터,509,1,750,750,0,201062,,,,
551001,5번 탑 10스테이지 특수 몬스터,510,0,50,900,80,201064,,,,
551002,5번 탑 10스테이지 특수 몬스터,510,0,150,900,100,201065,,,,
551003,5번 탑 10스테이지 특수 몬스터,510,1,250,250,0,201066,,,,
551004,5번 탑 10스테이지 특수 몬스터,510,1,450,450,0,201061,,,,
551005,5번 탑 10스테이지 특수 몬스터,510,1,650,650,0,201062,,,,
551006,5번 탑 10스테이지 특수 몬스터,510,1,850,850,0,201063,,,,
551007,5번 탑 10스테이지 동물주민,510,1,720,720,0,201097,,,,
560101,6번 탑 1스테이지 특수 몬스터,601,0,60,900,80,201071,,,,
560102,6번 탑 1스테이지 특수 몬스터,601,1,160,160,0,201072,,,,
560103,6번 탑 1스테이지 특수 몬스터,601,1,340,340,0,201073,,,,
560104,6번 탑 1스테이지 특수 몬스터,601,1,520,520,0,201074,,,,
560105,6번 탑 1스테이지 특수 몬스터,601,1,680,680,0,201075,,,,
560106,6번 탑 1스테이지 특수 몬스터,601,1,840,840,0,201076,,,,
560201,6번 탑 2스테이지 특수 몬스터,602,0,50,900,70,201072,,,,
560202,6번 탑 2스테이지 특수 몬스터,602,1,140,140,0,201073,,,,
560203,6번 탑 2스테이지 특수 몬스터,602,1,280,280,0,201074,,,,
560204,6번 탑 2스테이지 특수 몬스터,602,1,460,460,0,201075,,,,
560205,6번 탑 2스테이지 특수 몬스터,602,1,640,640,0,201076,,,,
560206,6번 탑 2스테이지 특수 몬스터,602,1,780,780,0,201071,,,,
560301,6번 탑 3스테이지 특수 몬스터,603,0,60,900,80,201073,,,,
560302,6번 탑 3스테이지 특수 몬스터,603,1,180,180,0,201074,,,,
560303,6번 탑 3스테이지 특수 몬스터,603,1,360,360,0,201075,,,,
560304,6번 탑 3스테이지 특수 몬스터,603,1,540,540,0,201076,,,,
560305,6번 탑 3스테이지 특수 몬스터,603,1,720,720,0,201071,,,,
560306,6번 탑 3스테이지 특수 몬스터,603,1,860,860,0,201072,,,,
560401,6번 탑 4스테이지 특수 몬스터,604,0,50,900,60,201074,,,,
560402,6번 탑 4스테이지 특수 몬스터,604,1,220,220,0,201075,,,,
560403,6번 탑 4스테이지 특수 몬스터,604,1,380,380,0,201076,,,,
560404,6번 탑 4스테이지 특수 몬스터,604,1,550,550,0,201071,,,,
560405,6번 탑 4스테이지 특수 몬스터,604,1,700,700,0,201072,,,,
560406,6번 탑 4스테이지 특수 몬스터,604,1,850,850,0,201073,,,,
560501,6번 탑 5스테이지 특수 몬스터,605,0,40,900,90,201075,,,,
560502,6번 탑 5스테이지 특수 몬스터,605,0,200,900,110,201076,,,,
560503,6번 탑 5스테이지 특수 몬스터,605,1,150,150,0,201071,,,,
560504,6번 탑 5스테이지 특수 몬스터,605,1,350,350,0,201072,,,,
560505,6번 탑 5스테이지 특수 몬스터,605,1,550,550,0,201073,,,,
560506,6번 탑 5스테이지 특수 몬스터,605,1,750,750,0,201074,,,,
560601,6번 탑 6스테이지 특수 몬스터,606,0,50,900,70,201076,,,,
560602,6번 탑 6스테이지 특수 몬스터,606,1,130,130,0,201071,,,,
560603,6번 탑 6스테이지 특수 몬스터,606,1,270,270,0,201072,,,,
560604,6번 탑 6스테이지 특수 몬스터,606,1,410,410,0,201073,,,,
560605,6번 탑 6스테이지 특수 몬스터,606,1,550,550,0,201074,,,,
560606,6번 탑 6스테이지 특수 몬스터,606,1,690,690,0,201075,,,,
560607,6번 탑 6스테이지 동물주민,606,1,850,850,0,201098,,,,
560701,6번 탑 7스테이지 특수 몬스터,607,0,40,900,60,201071,,,,
560702,6번 탑 7스테이지 특수 몬스터,607,1,190,190,0,201072,,,,
560703,6번 탑 7스테이지 특수 몬스터,607,1,370,370,0,201073,,,,
560704,6번 탑 7스테이지 특수 몬스터,607,1,530,530,0,201074,,,,
560705,6번 탑 7스테이지 특수 몬스터,607,1,670,670,0,201075,,,,
560706,6번 탑 7스테이지 특수 몬스터,607,1,810,810,0,201076,,,,
560801,6번 탑 8스테이지 특수 몬스터,608,0,30,900,50,201072,,,,
560802,6번 탑 8스테이지 특수 몬스터,608,1,160,160,0,201073,,,,
560803,6번 탑 8스테이지 특수 몬스터,608,1,310,310,0,201074,,,,
560804,6번 탑 8스테이지 특수 몬스터,608,1,460,460,0,201075,,,,
560805,6번 탑 8스테이지 특수 몬스터,608,1,610,610,0,201076,,,,
560806,6번 탑 8스테이지 특수 몬스터,608,1,760,760,0,201071,,,,
560901,6번 탑 9스테이지 특수 몬스터,609,0,60,900,80,201073,,,,
560902,6번 탑 9스테이지 특수 몬스터,609,1,120,120,0,201074,,,,
560903,6번 탑 9스테이지 특수 몬스터,609,1,240,240,0,201075,,,,
560904,6번 탑 9스테이지 특수 몬스터,609,1,380,380,0,201076,,,,
560905,6번 탑 9스테이지 특수 몬스터,609,1,540,540,0,201071,,,,
560906,6번 탑 9스테이지 특수 몬스터,609,1,700,700,0,201072,,,,
561001,6번 탑 10스테이지 특수 몬스터,610,0,40,900,60,201074,,,,
561002,6번 탑 10스테이지 특수 몬스터,610,0,100,900,90,201075,,,,
561003,6번 탑 10스테이지 특수 몬스터,610,1,250,250,0,201076,,,,
561004,6번 탑 10스테이지 특수 몬스터,610,1,450,450,0,201071,,,,
561005,6번 탑 10스테이지 특수 몬스터,610,1,650,650,0,201072,,,,
561006,6번 탑 10스테이지 특수 몬스터,610,1,850,850,0,201073,,,,
570101,7번 탑 1스테이지 특수 몬스터,701,0,60,900,80,201081,,,,
570102,7번 탑 1스테이지 특수 몬스터,701,1,120,120,0,201082,,,,
570103,7번 탑 1스테이지 특수 몬스터,701,1,250,250,0,201083,,,,
570104,7번 탑 1스테이지 특수 몬스터,701,1,380,380,0,201084,,,,
570105,7번 탑 1스테이지 특수 몬스터,701,1,550,550,0,201085,,,,
570106,7번 탑 1스테이지 특수 몬스터,701,1,700,700,0,201086,,,,
570201,7번 탑 2스테이지 특수 몬스터,702,0,80,900,90,201082,,,,
570202,7번 탑 2스테이지 특수 몬스터,702,1,180,180,0,201084,,,,
570203,7번 탑 2스테이지 특수 몬스터,702,1,320,320,0,201086,,,,
570204,7번 탑 2스테이지 특수 몬스터,702,1,480,480,0,201081,,,,
570205,7번 탑 2스테이지 특수 몬스터,702,1,650,650,0,201083,,,,
570206,7번 탑 2스테이지 특수 몬스터,702,1,800,800,0,201085,,,,
570301,7번 탑 3스테이지 특수 몬스터,703,0,50,850,100,201083,,,,
570302,7번 탑 3스테이지 특수 몬스터,703,1,200,200,0,201085,,,,
570303,7번 탑 3스테이지 특수 몬스터,703,1,350,350,0,201086,,,,
570304,7번 탑 3스테이지 특수 몬스터,703,0,450,650,50,201081,,,,
570305,7번 탑 3스테이지 특수 몬스터,703,1,700,700,0,201082,,,,
570306,7번 탑 3스테이지 특수 몬스터,703,1,850,850,0,201084,,,,
570401,7번 탑 4스테이지 특수 몬스터,704,0,70,900,90,201084,,,,
570402,7번 탑 4스테이지 특수 몬스터,704,1,160,160,0,201085,,,,
570403,7번 탑 4스테이지 특수 몬스터,704,1,330,330,0,201086,,,,
570404,7번 탑 4스테이지 특수 몬스터,704,1,470,470,0,201081,,,,
570405,7번 탑 4스테이지 특수 몬스터,704,1,620,620,0,201082,,,,
570406,7번 탑 4스테이지 특수 몬스터,704,1,780,780,0,201083,,,,
570507,7번 탑 4스테이지 동물주민,704,1,370,370,0,201100,,,,
570501,7번 탑 5스테이지 특수 몬스터,705,0,50,900,100,201085,,,,
570502,7번 탑 5스테이지 특수 몬스터,705,0,300,900,80,201086,,,,
570503,7번 탑 5스테이지 특수 몬스터,705,1,180,180,0,201081,,,,
570504,7번 탑 5스테이지 특수 몬스터,705,1,420,420,0,201082,,,,
570505,7번 탑 5스테이지 특수 몬스터,705,1,580,580,0,201083,,,,
570506,7번 탑 5스테이지 특수 몬스터,705,1,740,740,0,201084,,,,
570601,7번 탑 6스테이지 특수 몬스터,706,0,60,900,70,201086,,,,
570602,7번 탑 6스테이지 특수 몬스터,706,1,140,140,0,201081,,,,
570603,7번 탑 6스테이지 특수 몬스터,706,1,290,290,0,201082,,,,
570604,7번 탑 6스테이지 특수 몬스터,706,1,440,440,0,201083,,,,
570605,7번 탑 6스테이지 특수 몬스터,706,1,590,590,0,201084,,,,
570606,7번 탑 6스테이지 특수 몬스터,706,1,810,810,0,201085,,,,
570701,7번 탑 7스테이지 특수 몬스터,707,0,45,900,80,201081,,,,
570702,7번 탑 7스테이지 특수 몬스터,707,1,170,170,0,201082,,,,
570703,7번 탑 7스테이지 특수 몬스터,707,1,340,340,0,201083,,,,
570704,7번 탑 7스테이지 특수 몬스터,707,1,510,510,0,201084,,,,
570705,7번 탑 7스테이지 특수 몬스터,707,1,660,660,0,201085,,,,
570706,7번 탑 7스테이지 특수 몬스터,707,1,830,830,0,201086,,,,
570707,7번 탑 7스테이지 동물주민,707,1,777,777,0,201099,,,,
570801,7번 탑 8스테이지 특수 몬스터,708,0,50,900,60,201082,,,,
570802,7번 탑 8스테이지 특수 몬스터,708,1,130,130,0,201083,,,,
570803,7번 탑 8스테이지 특수 몬스터,708,1,260,260,0,201084,,,,
570804,7번 탑 8스테이지 특수 몬스터,708,1,410,410,0,201085,,,,
570805,7번 탑 8스테이지 특수 몬스터,708,1,570,570,0,201086,,,,
570806,7번 탑 8스테이지 특수 몬스터,708,1,730,730,0,201081,,,,
570901,7번 탑 9스테이지 특수 몬스터,709,0,60,900,90,201083,,,,
570902,7번 탑 9스테이지 특수 몬스터,709,1,150,150,0,201084,,,,
570903,7번 탑 9스테이지 특수 몬스터,709,1,280,280,0,201085,,,,
570904,7번 탑 9스테이지 특수 몬스터,709,1,430,430,0,201086,,,,
570905,7번 탑 9스테이지 특수 몬스터,709,1,560,560,0,201081,,,,
570906,7번 탑 9스테이지 특수 몬스터,709,1,750,750,0,201082,,,,
571001,7번 탑 10스테이지 특수 몬스터,710,0,40,900,70,201084,,,,
571002,7번 탑 10스테이지 특수 몬스터,710,0,120,900,90,201085,,,,
571003,7번 탑 10스테이지 특수 몬스터,710,1,240,240,0,201086,,,,
571004,7번 탑 10스테이지 특수 몬스터,710,1,460,460,0,201081,,,,
571005,7번 탑 10스테이지 특수 몬스터,710,1,620,620,0,201082,,,,
571006,7번 탑 10스테이지 특수 몬스터,710,1,840,840,0,201083,,,,
